Fold,F1 Score
1,0.8046043237556052
2,0.8242574878863198
3,0.6969696969696969
4,0.7845637415766927
5,0.7344622861294121
